<?xml version='1.0' encoding='utf-8' ?>
<!DOCTYPE document SYSTEM "file:///d:/Xilinx/13.1/ISE_DS/ISE/xc9500xl/data/xmlReport9kxl.dtd">
<document><ascFile>RamRom.rpt</ascFile><devFile>d:/Xilinx/13.1/ISE_DS/ISE/xc9500xl/data/xc9536xl.chp</devFile><mfdFile>RamRom.mfd</mfdFile><htmlFile logic_legend="logiclegend.htm" logo="xc9500xl_logo.jpg" pin_legend="pinlegend.htm"/><header date=" 8-13-2012" design="RamRom" device="XC9536XL" eqnType="1" pkg="PC44" speed="-5" status="1" statusStr="Successful" swVersion="O.40d" time=" 10:47PM" version="1.0"/><inputs id="RW" userloc="P14"/><inputs id="PHI2" userloc="P13"/><inputs id="Addr6_SPECSIG" userloc="P37"/><inputs id="Addr5_SPECSIG" userloc="P39"/><inputs id="Addr4_SPECSIG" userloc="P40"/><inputs id="Addr3_SPECSIG" userloc="P43"/><inputs id="Addr2_SPECSIG" userloc="P42"/><inputs id="Addr0_SPECSIG" userloc="P2"/><inputs id="Addr9_SPECSIG" userloc="P34"/><inputs id="Addr8_SPECSIG" userloc="P33"/><inputs id="Addr7_SPECSIG" userloc="P35"/><inputs id="Addr15_SPECSIG" userloc="P38"/><inputs id="Addr13_SPECSIG" userloc="P27"/><inputs id="Addr12_SPECSIG" userloc="P26"/><inputs id="Addr11_SPECSIG" userloc="P28"/><inputs id="Addr10_SPECSIG" userloc="P29"/><inputs id="Addr1_SPECSIG" userloc="P44"/><inputs id="Addr14_SPECSIG" userloc="P36"/><inputs id="DskROMSW" userloc="P9"/><inputs id="SpeedSW" userloc="P7"/><inputs id="Data0PIN_SPECSIG" userloc="P4"/><inputs id="Data1PIN_SPECSIG" userloc="P5"/><inputs id="Data2PIN_SPECSIG" userloc="P3"/><inputs id="Data3PIN_SPECSIG" userloc="P1"/><pin id="FB1_MC1_PIN2" pinnum="2" signal="Addr0_SPECSIG" use="I"/><pin id="FB1_MC2_PIN3" pinnum="3" signal="Data2_SPECSIG" use="IO_SPECSIG"/><pin id="FB1_MC3_PIN5" pinnum="5" signal="Data1_SPECSIG" use="IO_SPECSIG"/><pin id="FB1_MC4_PIN4" pinnum="4" signal="Data0_SPECSIG" use="IO_SPECSIG"/><pin id="FB1_MC5_PIN6" pinnum="6" signal="NROMCS" use="O"/><pin id="FB1_MC6_PIN8" pinnum="8" signal="NRAMCS" use="O"/><pin id="FB1_MC7_PIN7" pinnum="7" signal="SpeedSW" use="I"/><pin id="FB1_MC8_PIN9" pinnum="9" signal="DskROMSW" use="I"/><pin id="FB1_MC9_PIN11" pinnum="11" signal="NRDS" use="O"/><pin id="FB1_MC10_PIN12" pinnum="12" signal="NBuffCtl" use="O"/><pin id="FB1_MC11_PIN13" pinnum="13" signal="PHI2" use="I"/><pin id="FB1_MC12_PIN14" pinnum="14" signal="RW" use="I"/><pin id="FB1_MC13_PIN18" pinnum="18" signal="NWDS" use="O"/><pin id="FB1_MC14_PIN19" pinnum="19" signal="RA16_SPECSIG" use="O"/><pin id="FB1_MC15_PIN20" pinnum="20" signal="RA15_SPECSIG" use="O"/><pin id="FB1_MC16_PIN22" pinnum="22" signal="RA14_SPECSIG" use="O"/><pin id="FB1_MC17_PIN24" pinnum="24" signal="RA12_SPECSIG" use="O"/><pin id="FB2_MC1_PIN1" pinnum="1" signal="Data3_SPECSIG" use="IO_SPECSIG"/><pin id="FB2_MC2_PIN44" pinnum="44" signal="Addr1_SPECSIG" use="I"/><pin id="FB2_MC3_PIN42" pinnum="42" signal="Addr2_SPECSIG" use="I"/><pin id="FB2_MC4_PIN43" pinnum="43" signal="Addr3_SPECSIG" use="I"/><pin id="FB2_MC5_PIN40" pinnum="40" signal="Addr4_SPECSIG" use="I"/><pin id="FB2_MC6_PIN39" pinnum="39" signal="Addr5_SPECSIG" use="I"/><pin id="FB2_MC7_PIN38" pinnum="38" signal="Addr15_SPECSIG" use="I"/><pin id="FB2_MC8_PIN37" pinnum="37" signal="Addr6_SPECSIG" use="I"/><pin id="FB2_MC9_PIN36" pinnum="36" signal="Addr14_SPECSIG" use="I"/><pin id="FB2_MC10_PIN35" pinnum="35" signal="Addr7_SPECSIG" use="I"/><pin id="FB2_MC11_PIN34" pinnum="34" signal="Addr9_SPECSIG" use="I"/><pin id="FB2_MC12_PIN33" pinnum="33" signal="Addr8_SPECSIG" use="I"/><pin id="FB2_MC13_PIN29" pinnum="29" signal="Addr10_SPECSIG" use="I"/><pin id="FB2_MC14_PIN28" pinnum="28" signal="Addr11_SPECSIG" use="I"/><pin id="FB2_MC15_PIN27" pinnum="27" signal="Addr13_SPECSIG" use="I"/><pin id="FB2_MC16_PIN26" pinnum="26" signal="Addr12_SPECSIG" use="I"/><pin id="FB2_MC17_PIN25" pinnum="25" signal="RA13_SPECSIG" use="O"/><fblock id="FB1" inputUse="34" pinUse="17"><macrocell id="FB1_MC1" pin="FB1_MC1_PIN2" sigUse="19" signal="SwitchLatch1_SPECSIG"><pterms pt1="FB1_1_1" pt2="FB1_1_2"/></macrocell><macrocell id="FB1_MC2" pin="FB1_MC2_PIN3" sigUse="23" signal="Data2_SPECSIG"><pterms pt1="FB1_2_1" pt2="FB1_2_2" pt3="FB1_2_3" pt4="FB1_2_4"/></macrocell><macrocell id="FB1_MC3" pin="FB1_MC3_PIN5" sigUse="22" signal="Data1_SPECSIG"><pterms pt1="FB1_3_1" pt2="FB1_3_2" pt3="FB1_3_3"/></macrocell><macrocell id="FB1_MC4" pin="FB1_MC4_PIN4" sigUse="22" signal="Data0_SPECSIG"><pterms pt1="FB1_4_1" pt2="FB1_4_2" pt3="FB1_4_3"/></macrocell><macrocell id="FB1_MC5" pin="FB1_MC5_PIN6" sigUse="7" signal="NROMCS"><pterms pt1="FB1_5_1" pt2="FB1_5_2" pt3="FB1_5_3" pt4="FB1_5_4" pt5="FB1_5_5"/></macrocell><macrocell id="FB1_MC6" pin="FB1_MC6_PIN8" sigUse="12" signal="NRAMCS"><pterms pt1="FB1_6_1" pt2="FB1_6_2" pt3="FB1_6_3" pt4="FB1_6_4" pt5="FB1_6_5"/></macrocell><macrocell id="FB1_MC7" pin="FB1_MC7_PIN7" sigUse="19" signal="SwitchLatch0_SPECSIG"><pterms pt1="FB1_7_1" pt2="FB1_7_2" pt3="FB1_7_3" pt4="FB1_7_4"/></macrocell><macrocell id="FB1_MC8" pin="FB1_MC8_PIN9" sigUse="19" signal="RomLatch_2"><pterms pt1="FB1_8_1" pt2="FB1_8_2" pt3="FB1_8_3"/></macrocell><macrocell id="FB1_MC9" pin="FB1_MC9_PIN11" sigUse="2" signal="NRDS"><pterms pt1="FB1_9_1" pt2="FB1_9_2" pt3="FB1_9_3" pt4="FB1_9_4" pt5="FB1_9_5"/></macrocell><macrocell id="FB1_MC10" pin="FB1_MC10_PIN12" sigUse="18" signal="NBuffCtl"><pterms pt1="FB1_10_1" pt2="FB1_10_2" pt3="FB1_10_3" pt4="FB1_10_4" pt5="FB1_10_5"/></macrocell><macrocell id="FB1_MC11" pin="FB1_MC11_PIN13"><pterms pt1="FB1_11_1" pt2="FB1_11_2" pt3="FB1_11_3" pt4="FB1_11_4" pt5="FB1_11_5"/></macrocell><macrocell id="FB1_MC12" pin="FB1_MC12_PIN14" sigUse="19" signal="RomLatch_1"><pterms pt1="FB1_12_1" pt2="FB1_12_2" pt3="FB1_12_3"/></macrocell><macrocell id="FB1_MC13" pin="FB1_MC13_PIN18" sigUse="2" signal="NWDS"><pterms pt1="FB1_13_1"/></macrocell><macrocell id="FB1_MC14" pin="FB1_MC14_PIN19" sigUse="2" signal="RA16_SPECSIG"><pterms pt1="FB1_14_1"/></macrocell><macrocell id="FB1_MC15" pin="FB1_MC15_PIN20" sigUse="4" signal="RA15_SPECSIG"><pterms pt1="FB1_15_1" pt2="FB1_15_2"/></macrocell><macrocell id="FB1_MC16" pin="FB1_MC16_PIN22" sigUse="6" signal="RA14_SPECSIG"><pterms pt1="FB1_16_1" pt2="FB1_16_2" pt3="FB1_16_3" pt4="FB1_16_4" pt5="FB1_16_5"/></macrocell><macrocell id="FB1_MC17" pin="FB1_MC17_PIN24" sigUse="5" signal="RA12_SPECSIG"><pterms pt1="FB1_17_1" pt2="FB1_17_2" pt3="FB1_17_3" pt4="FB1_17_4"/></macrocell><macrocell id="FB1_MC18" sigUse="19" signal="RomLatch_0"><pterms pt1="FB1_18_1" pt2="FB1_18_2"/></macrocell><fbinput id="FB1_I1" signal="OpTxFX_DC22_SPECSIG"/><fbinput id="FB1_I2" signal="OpTxFX_DC23_SPECSIG"/><fbinput id="FB1_I3" signal="OpTxFX_DC36_SPECSIG"/><fbinput id="FB1_I4" signal="OpTxFX_SC24_SPECSIG"/><fbinput id="FB1_I5" signal="Addr0_SPECSIG"/><fbinput id="FB1_I6" signal="Addr10_SPECSIG"/><fbinput id="FB1_I7" signal="Addr11_SPECSIG"/><fbinput id="FB1_I8" signal="Addr12_SPECSIG"/><fbinput id="FB1_I9" signal="Addr13_SPECSIG"/><fbinput id="FB1_I10" signal="Addr14_SPECSIG"/><fbinput id="FB1_I11" signal="Addr15_SPECSIG"/><fbinput id="FB1_I12" signal="Addr1_SPECSIG"/><fbinput id="FB1_I13" signal="Addr2_SPECSIG"/><fbinput id="FB1_I14" signal="Addr3_SPECSIG"/><fbinput id="FB1_I15" signal="Addr4_SPECSIG"/><fbinput id="FB1_I16" signal="Addr5_SPECSIG"/><fbinput id="FB1_I17" signal="Addr6_SPECSIG"/><fbinput id="FB1_I18" signal="Addr7_SPECSIG"/><fbinput id="FB1_I19" signal="Addr8_SPECSIG"/><fbinput id="FB1_I20" signal="Addr9_SPECSIG"/><fbinput id="FB1_I21" signal="DskROMSW"/><fbinput fbk="PIN" id="FB1_I22" signal="Data2PIN_SPECSIG"/><fbinput fbk="PIN" id="FB1_I23" signal="Data1PIN_SPECSIG"/><fbinput fbk="PIN" id="FB1_I24" signal="Data0PIN_SPECSIG"/><fbinput id="FB1_I25" signal="NRAMCS"/><fbinput id="FB1_I26" signal="PHI2"/><fbinput id="FB1_I27" signal="RW"/><fbinput id="FB1_I28" signal="RomLatch_0"/><fbinput id="FB1_I29" signal="RomLatch_1"/><fbinput id="FB1_I30" signal="RomLatch_2"/><fbinput id="FB1_I31" signal="RomLatch_3"/><fbinput id="FB1_I32" signal="SwitchLatch0_SPECSIG"/><fbinput id="FB1_I33" signal="SwitchLatch1_SPECSIG"/><fbinput id="FB1_I34" signal="SwitchLatch2_SPECSIG"/><pterm id="FB1_1_1"><signal id="Data1PIN_SPECSIG"/></pterm><pterm id="FB1_1_2"><signal id="RW" negated="ON"/><signal id="PHI2"/><signal id="Addr6_SPECSIG"/><signal id="Addr5_SPECSIG"/><signal id="Addr4_SPECSIG"/><signal id="Addr3_SPECSIG"/><signal id="Addr2_SPECSIG"/><signal id="Addr0_SPECSIG" negated="ON"/><signal id="Addr9_SPECSIG"/><signal id="Addr8_SPECSIG"/><signal id="Addr7_SPECSIG"/><signal id="Addr15_SPECSIG"/><signal id="Addr13_SPECSIG"/><signal id="Addr12_SPECSIG"/><signal id="Addr11_SPECSIG"/><signal id="Addr10_SPECSIG"/><signal id="Addr1_SPECSIG"/><signal id="Addr14_SPECSIG" negated="ON"/></pterm><pterm id="FB1_2_1"><signal id="SwitchLatch2_SPECSIG"/><signal id="OpTxFX_DC22_SPECSIG" negated="ON"/></pterm><pterm id="FB1_2_2"><signal id="RW"/><signal id="PHI2"/><signal id="Addr6_SPECSIG"/><signal id="Addr5_SPECSIG"/><signal id="Addr4_SPECSIG"/><signal id="Addr3_SPECSIG"/><signal id="Addr2_SPECSIG"/><signal id="Addr0_SPECSIG"/><signal id="Addr9_SPECSIG"/><signal id="Addr8_SPECSIG"/><signal id="Addr7_SPECSIG"/><signal id="Addr15_SPECSIG"/><signal id="Addr13_SPECSIG"/><signal id="Addr12_SPECSIG"/><signal id="Addr11_SPECSIG"/><signal id="Addr10_SPECSIG"/><signal id="Addr1_SPECSIG"/><signal id="Addr14_SPECSIG" negated="ON"/><signal id="RomLatch_2"/></pterm><pterm id="FB1_2_3"><signal id="RW"/><signal id="PHI2"/><signal id="Addr6_SPECSIG"/><signal id="Addr5_SPECSIG"/><signal id="Addr4_SPECSIG"/><signal id="Addr3_SPECSIG"/><signal id="Addr2_SPECSIG"/><signal id="Addr0_SPECSIG"/><signal id="Addr9_SPECSIG"/><signal id="Addr8_SPECSIG"/><signal id="Addr7_SPECSIG"/><signal id="Addr15_SPECSIG"/><signal id="Addr13_SPECSIG"/><signal id="Addr12_SPECSIG"/><signal id="Addr11_SPECSIG"/><signal id="Addr10_SPECSIG"/><signal id="Addr1_SPECSIG" negated="ON"/><signal id="Addr14_SPECSIG" negated="ON"/><signal id="DskROMSW" negated="ON"/></pterm><pterm id="FB1_2_4"><signal id="RW"/><signal id="PHI2"/><signal id="Addr6_SPECSIG"/><signal id="Addr5_SPECSIG"/><signal id="Addr4_SPECSIG"/><signal id="Addr3_SPECSIG"/><signal id="Addr2_SPECSIG"/><signal id="Addr9_SPECSIG"/><signal id="Addr8_SPECSIG"/><signal id="Addr7_SPECSIG"/><signal id="Addr15_SPECSIG"/><signal id="Addr13_SPECSIG"/><signal id="Addr12_SPECSIG"/><signal id="Addr11_SPECSIG"/><signal id="Addr10_SPECSIG"/><signal id="OpTxFX_SC24_SPECSIG" negated="ON"/></pterm><pterm id="FB1_3_1"><signal id="SwitchLatch1_SPECSIG"/><signal id="OpTxFX_DC23_SPECSIG" negated="ON"/></pterm><pterm id="FB1_3_2"><signal id="RW"/><signal id="PHI2"/><signal id="Addr6_SPECSIG"/><signal id="Addr5_SPECSIG"/><signal id="Addr4_SPECSIG"/><signal id="Addr3_SPECSIG"/><signal id="Addr2_SPECSIG"/><signal id="Addr0_SPECSIG"/><signal id="Addr9_SPECSIG"/><signal id="Addr8_SPECSIG"/><signal id="Addr7_SPECSIG"/><signal id="Addr15_SPECSIG"/><signal id="Addr13_SPECSIG"/><signal id="Addr12_SPECSIG"/><signal id="Addr11_SPECSIG"/><signal id="Addr10_SPECSIG"/><signal id="Addr1_SPECSIG"/><signal id="Addr14_SPECSIG" negated="ON"/><signal id="RomLatch_1"/></pterm><pterm id="FB1_3_3"><signal id="RW"/><signal id="PHI2"/><signal id="Addr6_SPECSIG"/><signal id="Addr5_SPECSIG"/><signal id="Addr4_SPECSIG"/><signal id="Addr3_SPECSIG"/><signal id="Addr2_SPECSIG"/><signal id="Addr9_SPECSIG"/><signal id="Addr8_SPECSIG"/><signal id="Addr7_SPECSIG"/><signal id="Addr15_SPECSIG"/><signal id="Addr13_SPECSIG"/><signal id="Addr12_SPECSIG"/><signal id="Addr11_SPECSIG"/><signal id="Addr10_SPECSIG"/><signal id="OpTxFX_SC24_SPECSIG" negated="ON"/></pterm><pterm id="FB1_4_1"><signal id="SwitchLatch0_SPECSIG"/><signal id="OpTxFX_DC23_SPECSIG" negated="ON"/></pterm><pterm id="FB1_4_2"><signal id="RW"/><signal id="PHI2"/><signal id="Addr6_SPECSIG"/><signal id="Addr5_SPECSIG"/><signal id="Addr4_SPECSIG"/><signal id="Addr3_SPECSIG"/><signal id="Addr2_SPECSIG"/><signal id="Addr0_SPECSIG"/><signal id="Addr9_SPECSIG"/><signal id="Addr8_SPECSIG"/><signal id="Addr7_SPECSIG"/><signal id="Addr15_SPECSIG"/><signal id="Addr13_SPECSIG"/><signal id="Addr12_SPECSIG"/><signal id="Addr11_SPECSIG"/><signal id="Addr10_SPECSIG"/><signal id="Addr1_SPECSIG"/><signal id="Addr14_SPECSIG" negated="ON"/><signal id="RomLatch_0"/></pterm><pterm id="FB1_4_3"><signal id="RW"/><signal id="PHI2"/><signal id="Addr6_SPECSIG"/><signal id="Addr5_SPECSIG"/><signal id="Addr4_SPECSIG"/><signal id="Addr3_SPECSIG"/><signal id="Addr2_SPECSIG"/><signal id="Addr9_SPECSIG"/><signal id="Addr8_SPECSIG"/><signal id="Addr7_SPECSIG"/><signal id="Addr15_SPECSIG"/><signal id="Addr13_SPECSIG"/><signal id="Addr12_SPECSIG"/><signal id="Addr11_SPECSIG"/><signal id="Addr10_SPECSIG"/><signal id="OpTxFX_SC24_SPECSIG" negated="ON"/></pterm><pterm id="FB1_5_1"><signal id="Addr15_SPECSIG"/><signal id="Addr13_SPECSIG" negated="ON"/><signal id="Addr14_SPECSIG"/></pterm><pterm id="FB1_5_2"><signal id="Addr15_SPECSIG"/><signal id="Addr12_SPECSIG"/><signal id="Addr14_SPECSIG"/></pterm><pterm id="FB1_5_3"><signal id="Addr15_SPECSIG"/><signal id="Addr14_SPECSIG"/><signal id="DskROMSW"/><signal id="SwitchLatch2_SPECSIG"/></pterm><pterm id="FB1_5_4"><signal id="Addr15_SPECSIG"/><signal id="Addr14_SPECSIG"/><signal id="DskROMSW" negated="ON"/><signal id="SwitchLatch2_SPECSIG" negated="ON"/></pterm><pterm id="FB1_5_5"><signal id="Addr15_SPECSIG"/><signal id="Addr13_SPECSIG"/><signal id="Addr12_SPECSIG" negated="ON"/><signal id="Addr14_SPECSIG" negated="ON"/><signal id="OpTxFX_DC36_SPECSIG" negated="ON"/></pterm><pterm id="FB1_6_1"><signal id="Addr15_SPECSIG"/><signal id="Addr13_SPECSIG" negated="ON"/></pterm><pterm id="FB1_6_2"><signal id="Addr15_SPECSIG"/><signal id="Addr12_SPECSIG"/></pterm><pterm id="FB1_6_3"><signal id="Addr15_SPECSIG"/><signal id="Addr14_SPECSIG"/></pterm><pterm id="FB1_6_4"><signal id="Addr15_SPECSIG"/><signal id="OpTxFX_DC36_SPECSIG" negated="ON"/></pterm><pterm id="FB1_6_5"><signal id="Addr13_SPECSIG"/><signal id="Addr12_SPECSIG"/><signal id="Addr14_SPECSIG"/><signal id="SwitchLatch0_SPECSIG"/></pterm><pterm id="FB1_7_1"><signal id="Data0PIN_SPECSIG"/></pterm><pterm id="FB1_7_2"><signal id="RW" negated="ON"/><signal id="PHI2"/><signal id="Addr6_SPECSIG"/><signal id="Addr5_SPECSIG"/><signal id="Addr4_SPECSIG"/><signal id="Addr3_SPECSIG"/><signal id="Addr2_SPECSIG"/><signal id="Addr0_SPECSIG" negated="ON"/><signal id="Addr9_SPECSIG"/><signal id="Addr8_SPECSIG"/><signal id="Addr7_SPECSIG"/><signal id="Addr15_SPECSIG"/><signal id="Addr13_SPECSIG"/><signal id="Addr12_SPECSIG"/><signal id="Addr11_SPECSIG"/><signal id="Addr10_SPECSIG"/><signal id="Addr1_SPECSIG"/><signal id="Addr14_SPECSIG" negated="ON"/></pterm><pterm id="FB1_7_3"><signal id="Addr9_SPECSIG"/><signal id="Addr8_SPECSIG" negated="ON"/><signal id="Addr13_SPECSIG" negated="ON"/><signal id="Addr12_SPECSIG" negated="ON"/><signal id="Addr11_SPECSIG"/><signal id="Addr10_SPECSIG" negated="ON"/><signal id="Addr14_SPECSIG" negated="ON"/><signal id="DskROMSW"/><signal id="SwitchLatch1_SPECSIG"/></pterm><pterm id="FB1_7_4"><signal id="Addr9_SPECSIG"/><signal id="Addr8_SPECSIG" negated="ON"/><signal id="Addr13_SPECSIG" negated="ON"/><signal id="Addr12_SPECSIG" negated="ON"/><signal id="Addr11_SPECSIG"/><signal id="Addr10_SPECSIG" negated="ON"/><signal id="Addr14_SPECSIG" negated="ON"/><signal id="DskROMSW" negated="ON"/><signal id="SwitchLatch1_SPECSIG" negated="ON"/></pterm><pterm id="FB1_8_1"><signal id="Data2PIN_SPECSIG"/></pterm><pterm id="FB1_8_2"><signal id="RW" negated="ON"/><signal id="PHI2"/><signal id="Addr6_SPECSIG"/><signal id="Addr5_SPECSIG"/><signal id="Addr4_SPECSIG"/><signal id="Addr3_SPECSIG"/><signal id="Addr2_SPECSIG"/><signal id="Addr0_SPECSIG"/><signal id="Addr9_SPECSIG"/><signal id="Addr8_SPECSIG"/><signal id="Addr7_SPECSIG"/><signal id="Addr15_SPECSIG"/><signal id="Addr13_SPECSIG"/><signal id="Addr12_SPECSIG"/><signal id="Addr11_SPECSIG"/><signal id="Addr10_SPECSIG"/><signal id="Addr1_SPECSIG"/><signal id="Addr14_SPECSIG" negated="ON"/></pterm><pterm id="FB1_8_3"><signal id="RW"/><signal id="PHI2"/></pterm><pterm id="FB1_9_1"><signal id="Addr9_SPECSIG" negated="ON"/><signal id="Addr13_SPECSIG" negated="ON"/></pterm><pterm id="FB1_9_2"><signal id="Addr12_SPECSIG"/><signal id="Addr14_SPECSIG"/></pterm><pterm id="FB1_9_3"><signal id="Addr11_SPECSIG" negated="ON"/><signal id="Addr14_SPECSIG" negated="ON"/></pterm><pterm id="FB1_9_4"><signal id="Addr14_SPECSIG"/><signal id="DskROMSW"/><signal id="SwitchLatch2_SPECSIG"/></pterm><pterm id="FB1_9_5"><signal id="Addr14_SPECSIG"/><signal id="DskROMSW" negated="ON"/><signal id="SwitchLatch2_SPECSIG" negated="ON"/></pterm><pterm id="FB1_10_1"><signal id="Addr8_SPECSIG"/><signal id="Addr13_SPECSIG" negated="ON"/></pterm><pterm id="FB1_10_2"><signal id="Addr13_SPECSIG" negated="ON"/><signal id="DskROMSW"/><signal id="SwitchLatch1_SPECSIG"/></pterm><pterm id="FB1_10_3"><signal id="Addr13_SPECSIG" negated="ON"/><signal id="DskROMSW" negated="ON"/><signal id="SwitchLatch1_SPECSIG" negated="ON"/></pterm><pterm id="FB1_10_4"><signal id="Addr6_SPECSIG"/><signal id="Addr5_SPECSIG"/><signal id="Addr4_SPECSIG"/><signal id="Addr3_SPECSIG"/><signal id="Addr9_SPECSIG"/><signal id="Addr8_SPECSIG"/><signal id="Addr7_SPECSIG"/><signal id="Addr14_SPECSIG" negated="ON"/></pterm><pterm id="FB1_10_5"><signal id="Addr6_SPECSIG"/><signal id="Addr5_SPECSIG"/><signal id="Addr4_SPECSIG"/><signal id="Addr2_SPECSIG"/><signal id="Addr9_SPECSIG"/><signal id="Addr8_SPECSIG"/><signal id="Addr7_SPECSIG"/><signal id="Addr14_SPECSIG" negated="ON"/></pterm><pterm id="FB1_11_1"><signal id="Addr15_SPECSIG" negated="ON"/><signal id="Addr13_SPECSIG"/></pterm><pterm id="FB1_11_2"><signal id="Addr13_SPECSIG" negated="ON"/><signal id="Addr10_SPECSIG"/></pterm><pterm id="FB1_11_3"><signal id="Addr13_SPECSIG" negated="ON"/><signal id="Addr14_SPECSIG"/></pterm><pterm id="FB1_11_4"><signal id="Addr12_SPECSIG"/><signal id="Addr10_SPECSIG" negated="ON"/></pterm><pterm id="FB1_11_5"><signal id="Addr15_SPECSIG"/><signal id="Addr12_SPECSIG" negated="ON"/><signal id="Addr14_SPECSIG" negated="ON"/></pterm><pterm id="FB1_12_1"><signal id="Data1PIN_SPECSIG"/></pterm><pterm id="FB1_12_2"><signal id="RW" negated="ON"/><signal id="PHI2"/><signal id="Addr6_SPECSIG"/><signal id="Addr5_SPECSIG"/><signal id="Addr4_SPECSIG"/><signal id="Addr3_SPECSIG"/><signal id="Addr2_SPECSIG"/><signal id="Addr0_SPECSIG"/><signal id="Addr9_SPECSIG"/><signal id="Addr8_SPECSIG"/><signal id="Addr7_SPECSIG"/><signal id="Addr15_SPECSIG"/><signal id="Addr13_SPECSIG"/><signal id="Addr12_SPECSIG"/><signal id="Addr11_SPECSIG"/><signal id="Addr10_SPECSIG"/><signal id="Addr1_SPECSIG"/><signal id="Addr14_SPECSIG" negated="ON"/></pterm><pterm id="FB1_12_3"><signal id="Addr6_SPECSIG"/><signal id="Addr5_SPECSIG"/><signal id="Addr4_SPECSIG"/><signal id="Addr9_SPECSIG"/><signal id="Addr8_SPECSIG"/><signal id="Addr7_SPECSIG"/><signal id="OpTxFX_SC24_SPECSIG" negated="ON"/></pterm><pterm id="FB1_13_1"><signal id="RW" negated="ON"/><signal id="PHI2"/></pterm><pterm id="FB1_14_1"><signal id="Addr15_SPECSIG"/><signal id="Addr14_SPECSIG"/></pterm><pterm id="FB1_15_1"><signal id="Addr15_SPECSIG" negated="ON"/><signal id="NRAMCS"/><signal id="RomLatch_3"/></pterm><pterm id="FB1_15_2"><signal id="Addr14_SPECSIG" negated="ON"/><signal id="NRAMCS"/><signal id="RomLatch_3"/></pterm><pterm id="FB1_16_1"><signal id="Addr15_SPECSIG" negated="ON"/><signal id="Addr14_SPECSIG" negated="ON"/><signal id="NRAMCS" negated="ON"/></pterm><pterm id="FB1_16_2"><signal id="Addr15_SPECSIG" negated="ON"/><signal id="NRAMCS"/><signal id="RomLatch_2" negated="ON"/></pterm><pterm id="FB1_16_3"><signal id="Addr14_SPECSIG" negated="ON"/><signal id="NRAMCS"/><signal id="RomLatch_2" negated="ON"/></pterm><pterm id="FB1_16_4"><signal id="Addr15_SPECSIG"/><signal id="Addr14_SPECSIG"/><signal id="NRAMCS"/><signal id="DskROMSW"/><signal id="SwitchLatch2_SPECSIG"/></pterm><pterm id="FB1_16_5"><signal id="Addr15_SPECSIG"/><signal id="Addr14_SPECSIG"/><signal id="NRAMCS"/><signal id="DskROMSW" negated="ON"/><signal id="SwitchLatch2_SPECSIG" negated="ON"/></pterm><pterm id="FB1_17_1"><signal id="Addr15_SPECSIG" negated="ON"/><signal id="Addr12_SPECSIG" negated="ON"/><signal id="NRAMCS" negated="ON"/></pterm><pterm id="FB1_17_2"><signal id="Addr15_SPECSIG" negated="ON"/><signal id="NRAMCS"/><signal id="RomLatch_0" negated="ON"/></pterm><pterm id="FB1_17_3"><signal id="Addr14_SPECSIG" negated="ON"/><signal id="NRAMCS"/><signal id="RomLatch_0" negated="ON"/></pterm><pterm id="FB1_17_4"><signal id="Addr15_SPECSIG"/><signal id="Addr12_SPECSIG" negated="ON"/><signal id="Addr14_SPECSIG"/><signal id="NRAMCS"/></pterm><pterm id="FB1_18_1"><signal id="Data0PIN_SPECSIG"/></pterm><pterm id="FB1_18_2"><signal id="RW" negated="ON"/><signal id="PHI2"/><signal id="Addr6_SPECSIG"/><signal id="Addr5_SPECSIG"/><signal id="Addr4_SPECSIG"/><signal id="Addr3_SPECSIG"/><signal id="Addr2_SPECSIG"/><signal id="Addr0_SPECSIG"/><signal id="Addr9_SPECSIG"/><signal id="Addr8_SPECSIG"/><signal id="Addr7_SPECSIG"/><signal id="Addr15_SPECSIG"/><signal id="Addr13_SPECSIG"/><signal id="Addr12_SPECSIG"/><signal id="Addr11_SPECSIG"/><signal id="Addr10_SPECSIG"/><signal id="Addr1_SPECSIG"/><signal id="Addr14_SPECSIG" negated="ON"/></pterm><equation id="SwitchLatch1_SPECSIG" regUse="D"><d2><eq_pterm ptindx="FB1_1_1"/></d2><clk><eq_pterm ptindx="FB1_1_2"/></clk><prld ptindx="GND"/></equation><equation id="Data2_SPECSIG" userloc="P3"><d2><eq_pterm ptindx="FB1_2_1"/><eq_pterm ptindx="FB1_2_2"/><eq_pterm ptindx="FB1_2_3"/></d2><oe><eq_pterm ptindx="FB1_2_4"/></oe></equation><equation id="Data1_SPECSIG" userloc="P5"><d2><eq_pterm ptindx="FB1_3_1"/><eq_pterm ptindx="FB1_3_2"/></d2><oe><eq_pterm ptindx="FB1_3_3"/></oe></equation><equation id="Data0_SPECSIG" userloc="P4"><d2><eq_pterm ptindx="FB1_4_1"/><eq_pterm ptindx="FB1_4_2"/></d2><oe><eq_pterm ptindx="FB1_4_3"/></oe></equation><equation id="NROMCS" negated="ON" userloc="P6"><d2><eq_pterm ptindx="FB1_5_1"/><eq_pterm ptindx="FB1_5_2"/><eq_pterm ptindx="FB1_5_3"/><eq_pterm ptindx="FB1_5_4"/><eq_pterm ptindx="FB1_5_5"/></d2></equation><equation id="NRAMCS" userloc="P8"><d2><eq_pterm ptindx="FB1_6_1"/><eq_pterm ptindx="FB1_6_2"/><eq_pterm ptindx="FB1_6_3"/><eq_pterm ptindx="FB1_6_4"/><eq_pterm ptindx="FB1_6_5"/><eq_pterm import="1" ptindx="FB1_7_3"/><eq_pterm import="1" ptindx="FB1_7_4"/></d2></equation><equation id="SwitchLatch0_SPECSIG" regUse="D"><d2><eq_pterm ptindx="FB1_7_1"/></d2><clk><eq_pterm ptindx="FB1_7_2"/></clk><prld ptindx="GND"/></equation><equation id="RomLatch_2" regUse="D"><d2><eq_pterm ptindx="FB1_8_1"/></d2><clk><eq_pterm ptindx="FB1_8_2"/></clk><prld ptindx="GND"/></equation><equation id="NRDS" negated="ON" userloc="P11"><d2><eq_pterm import="1" ptindx="FB1_8_3"/></d2></equation><equation id="NBuffCtl" userloc="P12"><d2><eq_pterm ptindx="FB1_10_1"/><eq_pterm ptindx="FB1_10_2"/><eq_pterm ptindx="FB1_10_3"/><eq_pterm ptindx="FB1_10_4"/><eq_pterm ptindx="FB1_10_5"/><eq_pterm import="1" ptindx="FB1_9_1"/><eq_pterm import="1" ptindx="FB1_9_2"/><eq_pterm import="1" ptindx="FB1_9_3"/><eq_pterm import="1" ptindx="FB1_9_4"/><eq_pterm import="1" ptindx="FB1_9_5"/><eq_pterm import="1" ptindx="FB1_11_1"/><eq_pterm import="1" ptindx="FB1_11_2"/><eq_pterm import="1" ptindx="FB1_11_3"/><eq_pterm import="1" ptindx="FB1_11_4"/><eq_pterm import="1" ptindx="FB1_11_5"/><eq_pterm import="1" ptindx="FB1_12_3"/></d2></equation><equation id="RomLatch_1" regUse="D"><d2><eq_pterm ptindx="FB1_12_1"/></d2><clk><eq_pterm ptindx="FB1_12_2"/></clk><prld ptindx="GND"/></equation><equation id="NWDS" negated="ON" userloc="P18"><d2><eq_pterm ptindx="FB1_13_1"/></d2></equation><equation id="RA16_SPECSIG" userloc="P19"><d2><eq_pterm ptindx="FB1_14_1"/></d2></equation><equation id="RA15_SPECSIG" userloc="P20"><d2><eq_pterm ptindx="FB1_15_1"/><eq_pterm ptindx="FB1_15_2"/></d2></equation><equation id="RA14_SPECSIG" negated="ON" userloc="P22"><d2><eq_pterm ptindx="FB1_16_1"/><eq_pterm ptindx="FB1_16_2"/><eq_pterm ptindx="FB1_16_3"/><eq_pterm ptindx="FB1_16_4"/><eq_pterm ptindx="FB1_16_5"/></d2></equation><equation id="RA12_SPECSIG" negated="ON" userloc="P24"><d2><eq_pterm ptindx="FB1_17_1"/><eq_pterm ptindx="FB1_17_2"/><eq_pterm ptindx="FB1_17_3"/><eq_pterm ptindx="FB1_17_4"/></d2></equation><equation id="RomLatch_0" regUse="D"><d2><eq_pterm ptindx="FB1_18_1"/></d2><clk><eq_pterm ptindx="FB1_18_2"/></clk><prld ptindx="GND"/></equation></fblock><fblock id="FB2" inputUse="30" pinUse="17"><macrocell id="FB2_MC1" pin="FB2_MC1_PIN1" sigUse="23" signal="Data3_SPECSIG"><pterms pt1="FB2_1_1" pt2="FB2_1_2" pt3="FB2_1_3" pt4="FB2_1_4"/></macrocell><macrocell id="FB2_MC2" pin="FB2_MC2_PIN44"/><macrocell id="FB2_MC3" pin="FB2_MC3_PIN42"/><macrocell id="FB2_MC4" pin="FB2_MC4_PIN43"/><macrocell id="FB2_MC5" pin="FB2_MC5_PIN40"/><macrocell id="FB2_MC6" pin="FB2_MC6_PIN39"/><macrocell id="FB2_MC7" pin="FB2_MC7_PIN38"/><macrocell id="FB2_MC8" pin="FB2_MC8_PIN37"/><macrocell id="FB2_MC9" pin="FB2_MC9_PIN36"/><macrocell id="FB2_MC10" pin="FB2_MC10_PIN35"/><macrocell id="FB2_MC11" pin="FB2_MC11_PIN34" sigUse="5" signal="OpTxFX_DC36_SPECSIG"><pterms pt1="FB2_11_1"/></macrocell><macrocell id="FB2_MC12" pin="FB2_MC12_PIN33" sigUse="17" signal="OpTxFX_DC23_SPECSIG"><pterms pt1="FB2_12_1"/></macrocell><macrocell id="FB2_MC13" pin="FB2_MC13_PIN29" sigUse="17" signal="OpTxFX_DC22_SPECSIG"><pterms pt1="FB2_13_1"/></macrocell><macrocell id="FB2_MC14" pin="FB2_MC14_PIN28" sigUse="19" signal="SwitchLatch3_SPECSIG"><pterms pt1="FB2_14_1" pt2="FB2_14_2"/></macrocell><macrocell id="FB2_MC15" pin="FB2_MC15_PIN27" sigUse="19" signal="SwitchLatch2_SPECSIG"><pterms pt1="FB2_15_1" pt2="FB2_15_2"/></macrocell><macrocell id="FB2_MC16" pin="FB2_MC16_PIN26" sigUse="19" signal="RomLatch_3"><pterms pt1="FB2_16_1" pt2="FB2_16_2"/></macrocell><macrocell id="FB2_MC17" pin="FB2_MC17_PIN25" sigUse="5" signal="RA13_SPECSIG"><pterms pt1="FB2_17_1" pt2="FB2_17_2" pt3="FB2_17_3" pt4="FB2_17_4"/></macrocell><macrocell id="FB2_MC18" sigUse="4" signal="OpTxFX_SC24_SPECSIG"><pterms pt1="FB2_18_1" pt2="FB2_18_2"/></macrocell><fbinput id="FB2_I1" signal="OpTxFX_DC22_SPECSIG"/><fbinput id="FB2_I2" signal="OpTxFX_SC24_SPECSIG"/><fbinput id="FB2_I3" signal="Addr0_SPECSIG"/><fbinput id="FB2_I4" signal="Addr10_SPECSIG"/><fbinput id="FB2_I5" signal="Addr11_SPECSIG"/><fbinput id="FB2_I6" signal="Addr12_SPECSIG"/><fbinput id="FB2_I7" signal="Addr13_SPECSIG"/><fbinput id="FB2_I8" signal="Addr14_SPECSIG"/><fbinput id="FB2_I9" signal="Addr15_SPECSIG"/><fbinput id="FB2_I10" signal="Addr1_SPECSIG"/><fbinput id="FB2_I11" signal="Addr2_SPECSIG"/><fbinput id="FB2_I12" signal="Addr3_SPECSIG"/><fbinput id="FB2_I13" signal="Addr4_SPECSIG"/><fbinput id="FB2_I14" signal="Addr5_SPECSIG"/><fbinput id="FB2_I15" signal="Addr6_SPECSIG"/><fbinput id="FB2_I16" signal="Addr7_SPECSIG"/><fbinput id="FB2_I17" signal="Addr8_SPECSIG"/><fbinput id="FB2_I18" signal="Addr9_SPECSIG"/><fbinput fbk="PIN" id="FB2_I19" signal="Data3PIN_SPECSIG"/><fbinput fbk="PIN" id="FB2_I20" signal="Data2PIN_SPECSIG"/><fbinput id="FB2_I21" signal="NRAMCS"/><fbinput id="FB2_I22" signal="PHI2"/><fbinput id="FB2_I23" signal="RW"/><fbinput id="FB2_I24" signal="RomLatch_0"/><fbinput id="FB2_I25" signal="RomLatch_1"/><fbinput id="FB2_I26" signal="RomLatch_2"/><fbinput id="FB2_I27" signal="RomLatch_3"/><fbinput id="FB2_I28" signal="SpeedSW"/><fbinput id="FB2_I29" signal="SwitchLatch0_SPECSIG"/><fbinput id="FB2_I30" signal="SwitchLatch3_SPECSIG"/><pterm id="FB2_1_1"><signal id="SwitchLatch3_SPECSIG"/><signal id="OpTxFX_DC22_SPECSIG" negated="ON"/></pterm><pterm id="FB2_1_2"><signal id="RW"/><signal id="PHI2"/><signal id="Addr6_SPECSIG"/><signal id="Addr5_SPECSIG"/><signal id="Addr4_SPECSIG"/><signal id="Addr3_SPECSIG"/><signal id="Addr2_SPECSIG"/><signal id="Addr0_SPECSIG"/><signal id="Addr9_SPECSIG"/><signal id="Addr8_SPECSIG"/><signal id="Addr7_SPECSIG"/><signal id="Addr15_SPECSIG"/><signal id="Addr13_SPECSIG"/><signal id="Addr12_SPECSIG"/><signal id="Addr11_SPECSIG"/><signal id="Addr10_SPECSIG"/><signal id="Addr1_SPECSIG"/><signal id="Addr14_SPECSIG" negated="ON"/><signal id="RomLatch_3"/></pterm><pterm id="FB2_1_3"><signal id="RW"/><signal id="PHI2"/><signal id="Addr6_SPECSIG"/><signal id="Addr5_SPECSIG"/><signal id="Addr4_SPECSIG"/><signal id="Addr3_SPECSIG"/><signal id="Addr2_SPECSIG"/><signal id="Addr0_SPECSIG"/><signal id="Addr9_SPECSIG"/><signal id="Addr8_SPECSIG"/><signal id="Addr7_SPECSIG"/><signal id="Addr15_SPECSIG"/><signal id="Addr13_SPECSIG"/><signal id="Addr12_SPECSIG"/><signal id="Addr11_SPECSIG"/><signal id="Addr10_SPECSIG"/><signal id="Addr1_SPECSIG" negated="ON"/><signal id="Addr14_SPECSIG" negated="ON"/><signal id="SpeedSW"/></pterm><pterm id="FB2_1_4"><signal id="RW"/><signal id="PHI2"/><signal id="Addr6_SPECSIG"/><signal id="Addr5_SPECSIG"/><signal id="Addr4_SPECSIG"/><signal id="Addr3_SPECSIG"/><signal id="Addr2_SPECSIG"/><signal id="Addr9_SPECSIG"/><signal id="Addr8_SPECSIG"/><signal id="Addr7_SPECSIG"/><signal id="Addr15_SPECSIG"/><signal id="Addr13_SPECSIG"/><signal id="Addr12_SPECSIG"/><signal id="Addr11_SPECSIG"/><signal id="Addr10_SPECSIG"/><signal id="OpTxFX_SC24_SPECSIG" negated="ON"/></pterm><pterm id="FB2_11_1"><signal id="RomLatch_0" negated="ON"/><signal id="RomLatch_1" negated="ON"/><signal id="RomLatch_2" negated="ON"/><signal id="RomLatch_3" negated="ON"/><signal id="SwitchLatch0_SPECSIG"/></pterm><pterm id="FB2_12_1"><signal id="RW"/><signal id="PHI2"/><signal id="Addr6_SPECSIG"/><signal id="Addr5_SPECSIG"/><signal id="Addr4_SPECSIG"/><signal id="Addr3_SPECSIG"/><signal id="Addr2_SPECSIG"/><signal id="Addr0_SPECSIG"/><signal id="Addr9_SPECSIG"/><signal id="Addr8_SPECSIG"/><signal id="Addr7_SPECSIG"/><signal id="Addr15_SPECSIG"/><signal id="Addr13_SPECSIG"/><signal id="Addr12_SPECSIG"/><signal id="Addr11_SPECSIG"/><signal id="Addr10_SPECSIG"/><signal id="Addr14_SPECSIG" negated="ON"/></pterm><pterm id="FB2_13_1"><signal id="RW"/><signal id="PHI2"/><signal id="Addr6_SPECSIG"/><signal id="Addr5_SPECSIG"/><signal id="Addr4_SPECSIG"/><signal id="Addr3_SPECSIG"/><signal id="Addr2_SPECSIG"/><signal id="Addr0_SPECSIG"/><signal id="Addr9_SPECSIG"/><signal id="Addr8_SPECSIG"/><signal id="Addr7_SPECSIG"/><signal id="Addr15_SPECSIG"/><signal id="Addr13_SPECSIG"/><signal id="Addr12_SPECSIG"/><signal id="Addr11_SPECSIG"/><signal id="Addr10_SPECSIG"/><signal id="Addr14_SPECSIG" negated="ON"/></pterm><pterm id="FB2_14_1"><signal id="Data3PIN_SPECSIG"/></pterm><pterm id="FB2_14_2"><signal id="RW" negated="ON"/><signal id="PHI2"/><signal id="Addr6_SPECSIG"/><signal id="Addr5_SPECSIG"/><signal id="Addr4_SPECSIG"/><signal id="Addr3_SPECSIG"/><signal id="Addr2_SPECSIG"/><signal id="Addr0_SPECSIG" negated="ON"/><signal id="Addr9_SPECSIG"/><signal id="Addr8_SPECSIG"/><signal id="Addr7_SPECSIG"/><signal id="Addr15_SPECSIG"/><signal id="Addr13_SPECSIG"/><signal id="Addr12_SPECSIG"/><signal id="Addr11_SPECSIG"/><signal id="Addr10_SPECSIG"/><signal id="Addr1_SPECSIG"/><signal id="Addr14_SPECSIG" negated="ON"/></pterm><pterm id="FB2_15_1"><signal id="Data2PIN_SPECSIG"/></pterm><pterm id="FB2_15_2"><signal id="RW" negated="ON"/><signal id="PHI2"/><signal id="Addr6_SPECSIG"/><signal id="Addr5_SPECSIG"/><signal id="Addr4_SPECSIG"/><signal id="Addr3_SPECSIG"/><signal id="Addr2_SPECSIG"/><signal id="Addr0_SPECSIG" negated="ON"/><signal id="Addr9_SPECSIG"/><signal id="Addr8_SPECSIG"/><signal id="Addr7_SPECSIG"/><signal id="Addr15_SPECSIG"/><signal id="Addr13_SPECSIG"/><signal id="Addr12_SPECSIG"/><signal id="Addr11_SPECSIG"/><signal id="Addr10_SPECSIG"/><signal id="Addr1_SPECSIG"/><signal id="Addr14_SPECSIG" negated="ON"/></pterm><pterm id="FB2_16_1"><signal id="Data3PIN_SPECSIG"/></pterm><pterm id="FB2_16_2"><signal id="RW" negated="ON"/><signal id="PHI2"/><signal id="Addr6_SPECSIG"/><signal id="Addr5_SPECSIG"/><signal id="Addr4_SPECSIG"/><signal id="Addr3_SPECSIG"/><signal id="Addr2_SPECSIG"/><signal id="Addr0_SPECSIG"/><signal id="Addr9_SPECSIG"/><signal id="Addr8_SPECSIG"/><signal id="Addr7_SPECSIG"/><signal id="Addr15_SPECSIG"/><signal id="Addr13_SPECSIG"/><signal id="Addr12_SPECSIG"/><signal id="Addr11_SPECSIG"/><signal id="Addr10_SPECSIG"/><signal id="Addr1_SPECSIG"/><signal id="Addr14_SPECSIG" negated="ON"/></pterm><pterm id="FB2_17_1"><signal id="Addr15_SPECSIG" negated="ON"/><signal id="Addr13_SPECSIG" negated="ON"/><signal id="NRAMCS" negated="ON"/></pterm><pterm id="FB2_17_2"><signal id="Addr15_SPECSIG" negated="ON"/><signal id="NRAMCS"/><signal id="RomLatch_1" negated="ON"/></pterm><pterm id="FB2_17_3"><signal id="Addr14_SPECSIG" negated="ON"/><signal id="NRAMCS"/><signal id="RomLatch_1" negated="ON"/></pterm><pterm id="FB2_17_4"><signal id="Addr15_SPECSIG"/><signal id="Addr13_SPECSIG" negated="ON"/><signal id="Addr14_SPECSIG"/><signal id="NRAMCS"/></pterm><pterm id="FB2_18_1"><signal id="Addr0_SPECSIG" negated="ON"/><signal id="Addr1_SPECSIG" negated="ON"/></pterm><pterm id="FB2_18_2"><signal id="Addr15_SPECSIG"/><signal id="Addr14_SPECSIG"/></pterm><equation id="Data3_SPECSIG" userloc="P1"><d2><eq_pterm ptindx="FB2_1_1"/><eq_pterm ptindx="FB2_1_2"/><eq_pterm ptindx="FB2_1_3"/></d2><oe><eq_pterm ptindx="FB2_1_4"/></oe></equation><equation id="OpTxFX_DC36_SPECSIG"><d2><eq_pterm ptindx="FB2_11_1"/></d2></equation><equation id="OpTxFX_DC23_SPECSIG"><d2><eq_pterm ptindx="FB2_12_1"/></d2></equation><equation id="OpTxFX_DC22_SPECSIG"><d2><eq_pterm ptindx="FB2_13_1"/></d2></equation><equation id="SwitchLatch3_SPECSIG" regUse="D"><d2><eq_pterm ptindx="FB2_14_1"/></d2><clk><eq_pterm ptindx="FB2_14_2"/></clk><prld ptindx="GND"/></equation><equation id="SwitchLatch2_SPECSIG" regUse="D"><d2><eq_pterm ptindx="FB2_15_1"/></d2><clk><eq_pterm ptindx="FB2_15_2"/></clk><prld ptindx="GND"/></equation><equation id="RomLatch_3" regUse="D"><d2><eq_pterm ptindx="FB2_16_1"/></d2><clk><eq_pterm ptindx="FB2_16_2"/></clk><prld ptindx="GND"/></equation><equation id="RA13_SPECSIG" negated="ON" userloc="P25"><d2><eq_pterm ptindx="FB2_17_1"/><eq_pterm ptindx="FB2_17_2"/><eq_pterm ptindx="FB2_17_3"/><eq_pterm ptindx="FB2_17_4"/></d2></equation><equation id="OpTxFX_SC24_SPECSIG"><d2><eq_pterm ptindx="FB2_18_1"/><eq_pterm ptindx="FB2_18_2"/></d2></equation></fblock><vcc/><gnd/><messages><warning>Cpld - Unable to retrieve the path to the iSE Project Repository. Will   use the default filename of 'RamRom.ise'.INFO:Cpld - Inferring BUFG constraint for signal 'Data&lt;1&gt;' based upon the LOC   constraint 'P5'. It is recommended that you declare this BUFG explicitedly in   your design. Note that for certain device families the output of a BUFG   constraint can not drive a gated clock, and the BUFG constraint will be   ignored.INFO:Cpld - Inferring BUFG constraint for signal 'SpeedSW' based upon the LOC   constraint 'P7'. It is recommended that you declare this BUFG explicitedly in   your design. Note that for certain device families the output of a BUFG   constraint can not drive a gated clock, and the BUFG constraint will be   ignored.</warning><warning>Cpld:1239 - The global clock designation (BUFG) on signal 'SpeedSW_IBUF'   is ignored. Most likely the signal is gated and therefore cannot be used as a   global control signal.</warning><warning>Cpld:1239 - The global clock designation (BUFG) on signal 'N2' is   ignored. Most likely the signal is gated and therefore cannot be used as a   global control signal.</warning></messages><compOpts exhaust="OFF" gclkopt="ON" gsropt="ON" gtsopt="ON" ignorets="OFF" inputs="54" keepio="OFF" loc="ON" mlopt="ON" optimize="DENSITY" part="xc9536xl-5-PC44" power="STD" prld="LOW" pterms="25" slew="FAST" terminate="KEEPER" unused="OFF" wysiwyg="OFF"/><specSig signal="Addr6_SPECSIG" value="Addr&lt;6&gt;"/><specSig signal="Addr5_SPECSIG" value="Addr&lt;5&gt;"/><specSig signal="Addr4_SPECSIG" value="Addr&lt;4&gt;"/><specSig signal="Addr3_SPECSIG" value="Addr&lt;3&gt;"/><specSig signal="Addr2_SPECSIG" value="Addr&lt;2&gt;"/><specSig signal="Addr0_SPECSIG" value="Addr&lt;0&gt;"/><specSig signal="Addr9_SPECSIG" value="Addr&lt;9&gt;"/><specSig signal="Addr8_SPECSIG" value="Addr&lt;8&gt;"/><specSig signal="Addr7_SPECSIG" value="Addr&lt;7&gt;"/><specSig signal="Addr15_SPECSIG" value="Addr&lt;15&gt;"/><specSig signal="Addr13_SPECSIG" value="Addr&lt;13&gt;"/><specSig signal="Addr12_SPECSIG" value="Addr&lt;12&gt;"/><specSig signal="Addr11_SPECSIG" value="Addr&lt;11&gt;"/><specSig signal="Addr10_SPECSIG" value="Addr&lt;10&gt;"/><specSig signal="Addr1_SPECSIG" value="Addr&lt;1&gt;"/><specSig signal="Addr14_SPECSIG" value="Addr&lt;14&gt;"/><specSig signal="Data0PIN_SPECSIG" value="Data&lt;0&gt;.PIN"/><specSig signal="Data1PIN_SPECSIG" value="Data&lt;1&gt;.PIN"/><specSig signal="Data2PIN_SPECSIG" value="Data&lt;2&gt;.PIN"/><specSig signal="Data3PIN_SPECSIG" value="Data&lt;3&gt;.PIN"/><specSig signal="IO_SPECSIG" value="I/O"/><specSig signal="Data2_SPECSIG" value="Data&lt;2&gt;"/><specSig signal="Data1_SPECSIG" value="Data&lt;1&gt;"/><specSig signal="Data0_SPECSIG" value="Data&lt;0&gt;"/><specSig signal="RA16_SPECSIG" value="RA&lt;16&gt;"/><specSig signal="RA15_SPECSIG" value="RA&lt;15&gt;"/><specSig signal="RA14_SPECSIG" value="RA&lt;14&gt;"/><specSig signal="RA12_SPECSIG" value="RA&lt;12&gt;"/><specSig signal="Data3_SPECSIG" value="Data&lt;3&gt;"/><specSig signal="RA13_SPECSIG" value="RA&lt;13&gt;"/><specSig signal="SwitchLatch1_SPECSIG" value="SwitchLatch&lt;1&gt;"/><specSig signal="SwitchLatch0_SPECSIG" value="SwitchLatch&lt;0&gt;"/><specSig signal="OpTxFX_DC22_SPECSIG" value="$OpTx$FX_DC$22"/><specSig signal="OpTxFX_DC23_SPECSIG" value="$OpTx$FX_DC$23"/><specSig signal="OpTxFX_DC36_SPECSIG" value="$OpTx$FX_DC$36"/><specSig signal="OpTxFX_SC24_SPECSIG" value="$OpTx$FX_SC$24"/><specSig signal="SwitchLatch2_SPECSIG" value="SwitchLatch&lt;2&gt;"/><specSig signal="SwitchLatch3_SPECSIG" value="SwitchLatch&lt;3&gt;"/></document>
